id,days_to_done_x,price_at_moment,1000_to_done,700_to_done,500_to_done,300_to_done,max_price_after_invest,increase,increase_procent,days_for_increase,status,200_to_done,100_to_done,50_to_done,0_to_done,-50_to_done,-100_to_done,risk,community,liter_num,done_date,developer,floor,area,num_beds,days_to_done_y
6aec4e83-9c8c-4868-a88d-200acf50c6a9,414,4313432,4383463,4402803,4351453,4353278,4353278,39846,0.92,114,short,4300979,4272868,4272868,4171391,4171391,4168944,riskey,ЖК «Смородина»,1-5,2023-03-15,ООО «АЛЬФА»,1-4,32.95,1,414
3a3e88ed-5671-4893-b276-6e31e09d425b,414,4614225,4688287,4709698,4654842,4656792,4656792,42567,0.92,114,short,4600921,4570891,4570891,4446567,4446567,4430335,riskey,ЖК «Смородина»,1-5,2023-03-15,ООО «АЛЬФА»,1-4,35.2,1,414
1337487c-fc88-4084-82c9-6325c624cdeb,689,4402803,4383463,4402803,4351453,4353278,4353278,-49525,-1.12,389,long,4300979,4272868,4272868,4171391,4171391,4168944,bad,ЖК «Смородина»,2-3-4,2023-12-15,ООО «АЛЬФА»,1-4,32.95,1,689
eed05176-e97e-476d-9641-17253135c7e6,689,4709698,4688287,4709698,4654842,4656792,4656792,-52906,-1.12,389,long,4600921,4570891,4570891,4446567,4446567,4430335,bad,ЖК «Смородина»,2-3-4,2023-12-15,ООО «АЛЬФА»,1-4,35.2,1,689
894d96d7-0319-4f84-a26f-a89d918b0ec6,689,5606903,5733590,5606903,5495606,5513751,5867835,260932,4.65,639,long,5608027,5867835,5867835,5759654,5759654,5704205,riskey,ЖК «Смородина»,2-3-4,2023-12-15,ООО «АЛЬФА»,1-4,50.0,2,689
fdabfcbf-3a51-4c7f-8db9-59d17d11fde6,689,6411950,6670947,6411950,6283336,6289946,6752350,340400,5.31,639,long,6391540,6752350,6752350,6733832,6733832,6660380,riskey,ЖК «Смородина»,2-3-4,2023-12-15,ООО «АЛЬФА»,1-4,57.78,2,689
99279e68-68bf-4d9c-a85e-811503a9b879,689,6359777,6610846,6359777,6231141,6237752,6700236,340459,5.35,639,long,6339363,6700236,6700236,6681715,6681715,6608250,riskey,ЖК «Смородина»,2-3-4,2023-12-15,ООО «АЛЬФА»,5-8,57.79,2,689
c919e09d-40dd-4457-b38c-df45d4454adc,689,6330762,6580428,6330762,6202103,6208716,6671279,340517,5.38,639,long,6310344,6671279,6671279,6652755,6652755,6579278,riskey,ЖК «Смородина»,2-3-4,2023-12-15,ООО «АЛЬФА»,9-12,57.8,2,689
c2ed291a-c51c-4eb1-88e1-f34323543186,689,6331857,6581566,6331857,6203176,6209790,6672433,340576,5.38,639,long,6311436,6672433,6672433,6653906,6653906,6580416,riskey,ЖК «Смородина»,2-3-4,2023-12-15,ООО «АЛЬФА»,13-16,57.81,2,689
36e3517f-20f5-493d-adad-4305228ff1fb,689,7409322,7853157,7409322,7237317,7245566,7737968,328646,4.44,639,long,7337370,7737968,7737968,7716104,7716104,7660412,riskey,ЖК «Смородина»,2-3-4,2023-12-15,ООО «АЛЬФА»,1-4,68.22,3,689
ee1c04dc-467a-4c13-9a74-4f0a8b9b31b1,141,5843927,4242502,4746304,4915806,5223617,5887562,43635,0.75,191,short,5488616,5877197,5877197,5887562,5887562,5876866,riskey,ЖК «The Grand Palace»,,2022-06-15,ООО «АВА ДЕВЕЛОПМЕНТ»,6-7,23.5,1,141
a44a321e-fa8b-4b18-ba2c-729a9559ece6,141,7018248,5013352,5645583,5854755,6251666,7143527,125279,1.79,191,short,6577089,7079315,7079315,7143527,7143527,7042685,riskey,ЖК «The Grand Palace»,,2022-06-15,ООО «АВА ДЕВЕЛОПМЕНТ»,6-7,29.0,1,141
87c9ca8d-224a-4477-b0f6-7251d20d85ef,141,8300540,6300799,7096097,7243269,7767750,8546109,245569,2.96,191,short,7941492,8420080,8420080,8546109,8546109,8353621,riskey,ЖК «The Grand Palace»,,2022-06-15,ООО «АВА ДЕВЕЛОПМЕНТ»,6-7,44.0,2,141
ecad396a-b2b5-4a88-b66a-82497861b407,141,9690871,7616571,8416682,8597301,9195240,9944738,253867,2.62,191,short,9365185,9863064,9863064,9944738,9944738,9662698,riskey,ЖК «The Grand Palace»,,2022-06-15,ООО «АВА ДЕВЕЛОПМЕНТ»,6-7,54.0,2,141
a6e8dcc5-879f-41bd-bcba-4c7dd41e1045,141,11653678,9552742,10281631,10568367,11311935,12019824,366146,3.14,191,short,11467293,11916975,11916975,12019824,12019824,11652405,riskey,ЖК «The Grand Palace»,,2022-06-15,ООО «АВА ДЕВЕЛОПМЕНТ»,6-7,68.0,2,141
ab9571a6-7eab-485d-92a5-05e5bb3c5827,141,11767235,9109360,10085425,10300830,11001442,12015445,248210,2.11,191,short,11286291,11918041,11918041,12015445,12015445,11736004,riskey,ЖК «The Grand Palace»,,2022-06-15,ООО «АВА ДЕВЕЛОПМЕНТ»,6-7,64.4,3,141
431d1881-96de-4c6f-bd7c-0532cb98d24e,141,13535448,10636283,11608986,11927769,12727537,13909198,373750,2.76,191,short,13069800,13779762,13779762,13909198,13909198,13763199,riskey,ЖК «The Grand Palace»,,2022-06-15,ООО «АВА ДЕВЕЛОПМЕНТ»,6-7,75.6,3,141
04c5c640-ae1e-49b9-b936-d5ecf8665efe,233,9105909,7088960,8147601,8467551,9105909,10532253,1426344,15.66,283,short,9530742,10309566,10309566,10532253,10532253,10339765,good,"ЖК «AVrorA»,",,2022-09-15,ООО «АльфаСтройКомплекс»,2,44.0,1,233
19ed65e4-005b-4f62-a129-c0e3b866ade0,233,9546796,7475984,8530651,8872415,9546796,11120472,1573676,16.48,283,short,9976949,10882601,10882601,11120472,11120472,10891154,good,"ЖК «AVrorA»,",,2022-09-15,ООО «АльфаСтройКомплекс»,1-4,47.0,1,233
6a84b353-5e95-46b7-bcad-c37193b75863,233,9942669,7807007,8883283,9239591,9942669,11575879,1633210,16.43,283,short,10391126,11327886,11327886,11575879,11575879,11336802,good,"ЖК «AVrorA»,",,2022-09-15,ООО «АльфаСтройКомплекс»,2,49.0,1,233
0c3f6cf4-6873-4ea1-9e0b-5d7673e17403,233,10346816,8132150,9243373,9614224,10346816,12022076,1675260,16.19,283,short,10813578,11773693,11773693,12022076,12022076,11771514,good,"ЖК «AVrorA»,",,2022-09-15,ООО «АльфаСтройКомплекс»,3-4,51.0,1,233
e18a233f-ac3b-44c3-bf42-c7f25733f2fd,233,10442681,8231922,9329474,9707596,10442681,12150859,1708178,16.36,283,short,10918595,11905570,11905570,12150859,12150859,11883065,good,"ЖК «AVrorA»,",,2022-09-15,ООО «АльфаСтройКомплекс»,2,52.0,1,233
385a1c11-6192-48b5-9d2f-8a5c15d37edb,233,10806495,8556904,9657207,10042601,10806495,12484443,1677948,15.53,283,short,11275744,12234436,12234436,12484443,12484443,12207626,good,"ЖК «AVrorA»,",,2022-09-15,ООО «АльфаСтройКомплекс»,1-4,53.0,1,233
df3ec9b9-07ee-4416-b5be-1b069bb7aad7,233,12334179,9894065,11036355,11487193,12334179,14337620,2003441,16.24,283,short,12883111,14004601,14004601,14337620,14337620,14002620,good,"ЖК «AVrorA»,",,2022-09-15,ООО «АльфаСтройКомплекс»,3-4,62.0,1,233
dec08247-72f5-4866-9047-d9f3c431180b,233,12280391,10181659,11081718,11454665,12280391,14085462,1805071,14.7,283,short,12650911,13725491,13725491,14085462,14085462,13723446,good,"ЖК «AVrorA»,",,2022-09-15,ООО «АльфаСтройКомплекс»,2,67.0,2,233
c4c5060c-c3ac-442c-afc1-544e847d05e9,233,12878339,10642070,11671028,12060673,12878339,15053222,2174883,16.89,283,short,13332061,14622314,14622314,15053222,15053222,14691093,good,"ЖК «AVrorA»,",,2022-09-15,ООО «АльфаСтройКомплекс»,1-4,70.0,2,233
a732ed2c-e196-473e-8c0e-8efd6dac2585,233,14120132,11804835,12806439,13218726,14120132,16312842,2192710,15.53,283,short,14587229,15899528,15899528,16312842,16312842,16150843,good,"ЖК «AVrorA»,",,2022-09-15,ООО «АльфаСтройКомплекс»,2,80.0,2,233
b5a3f13e-73c5-4133-b2d6-2568afe8057a,233,15029716,12530203,13637331,14075386,15029716,17359471,2329755,15.5,283,short,15526007,16920325,16920325,17359471,17359471,17187347,good,"ЖК «AVrorA»,",,2022-09-15,ООО «АльфаСтройКомплекс»,3-4,85.0,2,233
1d2c9d80-3bd2-4a13-8544-9b0154dce60f,233,21088802,17953328,19200540,19720281,21088802,24111578,3022776,14.33,283,short,21813231,23596461,23596461,24111578,24111578,24049421,good,"ЖК «AVrorA»,",,2022-09-15,ООО «АльфаСтройКомплекс»,3,120.0,3,233
9920609a-8a3b-40e9-bafa-37ef250faecb,233,22975198,19246443,20996613,21508479,22975198,26141399,3166201,13.78,283,short,23717737,25608257,25608257,26141399,26141399,25777669,good,"ЖК «AVrorA»,",,2022-09-15,ООО «АльфаСтройКомплекс»,3-4,123.0,3,233
0c50976b-520c-4e57-8333-446c522cdd08,233,28359041,22548150,25503004,26212547,28359041,31534564,3175523,11.2,283,short,28991539,30947122,30947122,31534564,31534564,30937703,good,"ЖК «AVrorA»,",,2022-09-15,ООО «АльфаСтройКомплекс»,3-4,127.0,3,233
9cef4a89-345c-4f25-a1ab-f217b3911163,1055,3988680,4122362,4489136,4486988,4590395,4737612,748932,18.78,1005,long,4592264,4737612,4737612,4736145,4736145,4689665,good,"ЖК «URAL»,",,2024-12-15,ООО «СЗ ВЕРТИКАЛЬ»,3-6,24.0,0,1055
5bc59d18-6dbf-4b29-845d-89ffe4a5dfe1,1055,5128520,5336347,5880530,5868408,6003247,6464836,1336316,26.06,1105,long,6033179,6314911,6314911,6464836,6464836,6392827,good,"ЖК «URAL»,",,2024-12-15,ООО «СЗ ВЕРТИКАЛЬ»,3-6,36.0,1,1055
391a1be2-e379-42e3-abb4-d4504cb42bbe,1055,6064159,6368407,7174170,7198773,7421255,8104989,2040830,33.65,1105,long,7534504,7909253,7909253,8104989,8104989,7977505,good,"ЖК «URAL»,",,2024-12-15,ООО «СЗ ВЕРТИКАЛЬ»,3-6,47.0,1,1055
5d5a0a2d-dec6-4d5a-9743-458312e3432b,1055,7121495,7488287,8112263,8173827,8370943,9221914,2100419,29.49,1105,long,8576774,9018775,9018775,9221914,9221914,9067337,good,"ЖК «URAL»,",,2024-12-15,ООО «СЗ ВЕРТИКАЛЬ»,3-6,60.0,2,1055
00be775b-f219-4afa-93f7-bb696124afdd,1055,8785269,9128630,9869452,9985103,10316977,11727644,2942375,33.49,1155,long,10591361,11393464,11393464,11657210,11657210,11727644,good,"ЖК «URAL»,",,2024-12-15,ООО «СЗ ВЕРТИКАЛЬ»,3-6,78.0,3,1055
ecda2c4b-77e5-4e94-8c3a-f072903c33ed,1055,10224199,10630057,11380447,11500151,11820099,13449148,3224949,31.54,1155,long,12106685,13059710,13059710,13366975,13366975,13449148,good,"ЖК «URAL»,",,2024-12-15,ООО «СЗ ВЕРТИКАЛЬ»,3-6,91.0,3,1055
b7d52019-d3a4-4bba-9243-5c6b6e64ed8f,-41,3469042,3638400,3597435,3583642,3540516,3469042,0,0.0,9,short,3542721,3518594,3518594,3469042,3469042,3424904,bad,ЖК «Зеленодар»,1,2021-12-15,"ООО «Модо Капитал», ",1-8,26.0,1,-41
2875283d-9666-4ba0-83e1-119c0cf988d9,-41,3978840,4278564,4204739,4168571,4107060,3978840,0,0.0,9,short,4126220,4054518,4054518,3978840,3978840,3926214,bad,ЖК «Зеленодар»,1,2021-12-15,"ООО «Модо Капитал», ",1-8,31.0,1,-41
15acad57-bdb5-41bd-aec9-dc6b32928a18,-41,3974726,4412988,4294765,4228028,4130761,3974726,0,0.0,9,short,4131097,4061206,4061206,3974726,3974726,3931668,bad,ЖК «Зеленодар»,1,2021-12-15,"ООО «Модо Капитал», ",1-2,33.0,1,-41
8cec8102-237d-4061-86d7-90125a008fa5,-41,4262495,4769175,4640205,4567400,4461291,4262495,0,0.0,9,short,4446948,4356837,4356837,4262495,4262495,4224353,bad,ЖК «Зеленодар»,1,2021-12-15,"ООО «Модо Капитал», ",1-2,36.0,1,-41
b8784800-29d7-4524-bbd1-45d215be9de3,506,5011940,5176681,5094905,5011940,4925334,5011940,0,0.0,6,short,4909398,4788373,4788373,4683549,4683549,4632858,bad,ЖК «Зеленодар»,4A,2023-06-15,"ООО «Модо Капитал», ",1,40.0,1,506
ba16d146-e21d-409b-9448-21e30e62baf3,506,6998132,7707613,7131439,6998132,6890721,7459701,461569,6.6,556,long,6993879,7315935,7315935,7459701,7459701,7375767,riskey,ЖК «Зеленодар»,4A,2023-06-15,"ООО «Модо Капитал», ",1,70.0,2,506
569ae3a3-51d7-4d8b-895a-d56a1f7cd429,506,9017322,9843385,9195293,9017322,8790550,9648285,630963,7.0,606,long,8728117,9417434,9417434,9571329,9571329,9648285,good,ЖК «Зеленодар»,4A,2023-06-15,"ООО «Модо Капитал», ",2-4,91.0,3,506
ba727824-0962-4510-8d18-b4b313940f56,233,9743447,9340549,9605396,9455754,9743447,10641963,898516,9.22,333,short,9948315,10559716,10559716,10632860,10632860,10641963,good,ЖК «Fresh»,2,2022-09-15,ООО «АВА ДЕВЕЛОПМЕНТ ПЛЮС»,3-9,89.0,3,233
7164f74a-b9f2-4fea-98cc-126f21da8826,233,9905061,9647959,9776024,9614613,9905061,10959250,1054189,10.64,333,short,10098466,10784442,10784442,10863339,10863339,10959250,good,ЖК «Fresh»,2,2022-09-15,ООО «АВА ДЕВЕЛОПМЕНТ ПЛЮС»,3-9,96.0,3,233
e6759abd-4c54-4054-b187-8186a2e37b6e,233,9977066,9768443,9866702,9701928,9977066,11038622,1061556,10.64,333,short,10205269,10835105,10835105,10915646,10915646,11038622,good,ЖК «Fresh»,2,2022-09-15,ООО «АВА ДЕВЕЛОПМЕНТ ПЛЮС»,3-9,98.0,3,233
330fedbd-85ea-411e-abca-62d1eb0c1fae,233,10931224,10702774,10807048,10632187,10931224,12085499,1154275,10.56,333,short,11173398,11959109,11959109,12044581,12044581,12085499,good,ЖК «Fresh»,2,2022-09-15,ООО «АВА ДЕВЕЛОПМЕНТ ПЛЮС»,3-9,104.0,3,233
818c6fa2-afd6-4053-84c9-28272c4a4bfe,506,9669487,9728944,9832579,9669487,9962961,11058585,1389098,14.37,606,long,10188835,10881957,10881957,10961676,10961676,11058585,good,ЖК «Fresh»,3,2023-06-15,ООО «АВА ДЕВЕЛОПМЕНТ ПЛЮС»,3-6,97.0,3,506
c1b387c3-7fe5-4053-9044-ab18b0a4f473,964,5112340,5112340,5546803,5549036,5778932,5810050,697710,13.65,764,long,5810050,5807780,5807780,5786144,5786144,5707975,good,ЖК «Fresh»,4,2024-09-15,ООО «АВА ДЕВЕЛОПМЕНТ ПЛЮС»,3-6,40.0,1,964
d4ff95ec-94a3-4550-b5b5-88c3db39a818,1055,5066448,5258929,5710851,5704649,5951827,6014544,948096,18.71,1005,long,5994239,6014544,6014544,5991826,5991826,5909748,good,ЖК «Fresh»,4,2024-12-15,ООО «АВА ДЕВЕЛОПМЕНТ ПЛЮС»,3-6,42.0,1,1055
07b9d056-15c8-4f41-905c-223a79bb061e,1055,4975210,5163109,5604597,5598542,5834186,5885903,910693,18.3,1005,long,5866082,5885903,5885903,5863727,5863727,5783603,good,ЖК «Fresh»,4,2024-12-15,ООО «АВА ДЕВЕЛОПМЕНТ ПЛЮС»,3-6,41.0,1,1055
8642ebd7-491a-48c8-a22d-12da82f0a567,1055,6849271,7122095,7518397,7458087,7710962,8305834,1456563,21.27,1105,long,7894465,8303436,8303436,8305834,8305834,8145727,good,ЖК «Fresh»,4,2024-12-15,ООО «АВА ДЕВЕЛОПМЕНТ ПЛЮС»,3-6,65.0,2,1055
2a2f4bd1-ec19-4109-9743-d38a048a7f48,1055,7252457,7533675,7797884,7715927,7999578,8476867,1224410,16.88,1105,long,8145782,8474394,8474394,8476867,8476867,8311833,good,ЖК «Fresh»,4,2024-12-15,ООО «АВА ДЕВЕЛОПМЕНТ ПЛЮС»,3-6,67.0,2,1055
5a878850-9ec1-4846-a793-fb9b7d030bcf,1055,9185899,9556661,9814786,9660101,9957491,10952849,1766950,19.24,1155,long,10169265,10867829,10867829,10943439,10943439,10952849,good,ЖК «Fresh»,4,2024-12-15,ООО «АВА ДЕВЕЛОПМЕНТ ПЛЮС»,3-6,92.0,3,1055
729244f5-7a38-4e5d-b920-76c0545a550f,1055,9101012,9483863,9764240,9604511,9891933,10992351,1891339,20.78,1155,long,10110612,10819365,10819365,10897440,10897440,10992351,good,ЖК «Fresh»,4,2024-12-15,ООО «АВА ДЕВЕЛОПМЕНТ ПЛЮС»,3-6,95.0,3,1055
9d8f800c-f9dc-44bc-b8e1-239132a95916,689,4436070,4139002,4436070,4466305,4635859,4635859,199789,4.5,389,long,4621794,4611221,4611221,4573932,4573932,4521360,riskey,ЖК «Novella»,1,2023-12-15,ООО «Специализированный застройщик АСК 6»,1-2,30.0,1,689
41492226-ad33-4feb-b9ae-48639a87d24f,689,4756940,4411511,4756940,4768726,4949341,4998426,241486,5.08,639,long,4969421,4998426,4998426,4980035,4980035,4933809,riskey,ЖК «Novella»,1,2023-12-15,ООО «Специализированный застройщик АСК 6»,1-2,34.0,1,689
07b526d7-c01d-40a4-9d34-34dc0fcfe7ea,689,5255106,4875038,5255106,5268279,5470143,5535300,280194,5.33,639,long,5499705,5535300,5535300,5514746,5514746,5440485,riskey,ЖК «Novella»,1,2023-12-15,ООО «Специализированный застройщик АСК 6»,1-2,38.0,1,689
ff77d591-a2f3-4347-96b0-913234614fd6,689,5631657,5196348,5631657,5635495,5860421,5951731,320074,5.68,639,long,5902833,5951731,5951731,5929013,5929013,5846935,riskey,ЖК «Novella»,1,2023-12-15,ООО «Специализированный застройщик АСК 6»,1-2,42.0,1,689
444e4396-b83f-4192-9dc6-12d63b421fd2,689,6643310,6331378,6643310,6610367,6840558,7354959,711649,10.71,739,long,7004299,7352819,7352819,7354959,7354959,7212094,good,ЖК «Novella»,1,2023-12-15,ООО «Специализированный застройщик АСК 6»,1-2,58.0,2,689
8108a537-f42f-4fa3-becb-a2bd0448f1b2,689,7197898,6849415,7197898,7162115,7412149,7970895,772997,10.74,739,long,7590006,7968571,7968571,7970895,7970895,7815715,good,ЖК «Novella»,1,2023-12-15,ООО «Специализированный застройщик АСК 6»,1-2,63.0,2,689
8eb8a4d2-ce46-4398-82c5-9ed7f3ad6988,689,7501338,7167069,7501338,7444354,7706295,8275172,773834,10.32,739,long,7892621,8272737,8272737,8275172,8275172,8112602,good,ЖК «Novella»,1,2023-12-15,ООО «Специализированный застройщик АСК 6»,1-2,66.0,2,689
0f8613ca-5367-4e8f-8330-10db5e741144,689,8183307,7924438,8183307,8086320,8385743,9152789,969482,11.85,789,long,8588688,9110274,9110274,9130270,9130270,9152789,good,ЖК «Novella»,1,2023-12-15,ООО «Специализированный застройщик АСК 6»,1-2,76.0,3,689
334744a8-132b-415a-94ae-945e02ff962b,689,4756940,4411511,4756940,4768726,4949341,4998426,241486,5.08,639,long,4969421,4998426,4998426,4980035,4980035,4933809,riskey,ЖК «Novella»,4-5-6,2023-12-15,ООО «Специализированный застройщик АСК 6»,1-2,34.0,1,689
85a09177-fcd3-45af-87fe-513ae29ff9c4,689,5255106,4875038,5255106,5268279,5470143,5535300,280194,5.33,639,long,5499705,5535300,5535300,5514746,5514746,5440485,riskey,ЖК «Novella»,4-5-6,2023-12-15,ООО «Специализированный застройщик АСК 6»,1-2,38.0,1,689
a779965e-c3f2-4ac5-b670-e26d915660d8,689,5925333,5510759,5925333,5929446,6174082,6312041,386708,6.53,639,long,6219523,6312041,6312041,6287701,6287701,6188750,riskey,ЖК «Novella»,4-5-6,2023-12-15,ООО «Специализированный застройщик АСК 6»,1-2,45.0,1,689
82653222-db9b-45f4-93c7-2a8f6aa3cec2,689,7102832,6759881,7102832,7067617,7313683,7863560,760728,10.71,739,long,7488717,7861272,7861272,7863560,7863560,7710842,good,ЖК «Novella»,4-5-6,2023-12-15,ООО «Специализированный застройщик АСК 6»,1-2,62.0,2,689
8dbeea00-4092-43b3-af81-b885bf7a8df6,689,7641526,7446480,7641526,7583679,7872584,8340762,699236,9.15,739,long,8018789,8338290,8338290,8340762,8340762,8175729,good,ЖК «Novella»,4-5-6,2023-12-15,ООО «Специализированный застройщик АСК 6»,1-2,67.0,2,689
3dce20e0-c645-4904-b68b-e20afba0000b,689,7610859,7436683,7610859,7552149,7845949,8285071,674212,8.86,739,long,7994335,8282562,8282562,8285071,8285071,8117575,good,ЖК «Novella»,4-5-6,2023-12-15,ООО «Специализированный застройщик АСК 6»,1-2,68.0,2,689
73a35b48-0be6-4509-a23c-9f111b3ea4c4,689,7934621,7694672,7934621,7870731,8162274,8899835,965214,12.16,739,long,8368093,8857076,8857076,8899835,8899835,8876437,good,ЖК «Novella»,4-5-6,2023-12-15,ООО «Специализированный застройщик АСК 6»,1-2,74.0,3,689
c9180321-56ed-421d-b398-5575eef5f9c9,141,3122487,3231689,3197285,3185606,3191052,3121995,-492,-0.02,91,short,3144414,3121995,3121995,3082196,3082196,3069960,bad,ЖК «Спортивный парк»,7,2022-06-15,ООО «АЛЬФА»,1-8,22.0,0,141
39caf245-566d-4c7f-b666-0d33c7a25698,141,3802556,3947735,3904270,3889936,3885688,3806897,4341,0.11,91,short,3826963,3806897,3806897,3727821,3727821,3707084,riskey,ЖК «Спортивный парк»,7,2022-06-15,ООО «АЛЬФА»,1-8,27.0,0,141
ef94979b-04f8-43a1-b45e-35d43e18bec5,141,4984146,5584198,5391410,5286177,5225066,4902397,-81749,-1.64,91,short,5094869,4902397,4902397,4732504,4732504,4706298,bad,ЖК «Спортивный парк»,7,2022-06-15,ООО «АЛЬФА»,1-8,45.0,1,141
b2b74069-2940-46d2-9aba-da4d21b1906f,141,4809137,5310167,5121125,5025246,4973563,4751549,-57588,-1.2,91,short,4853659,4751549,4751549,4596758,4596758,4582912,bad,ЖК «Спортивный парк»,7,2022-06-15,ООО «АЛЬФА»,1-8,41.0,1,141
d4547f12-a2ba-4b9b-bcc2-6ae70bf01609,141,5276581,5915416,5717460,5605211,5540026,5189381,-87200,-1.65,91,short,5416905,5189381,5189381,5008162,5008162,4974924,bad,ЖК «Спортивный парк»,8,2022-06-15,ООО «АЛЬФА»,1-8,48.0,1,141
d25044d5-2e0f-424f-855f-3f37e80b7c0d,141,5614623,6270864,6067132,5947868,5868172,5521973,-92650,-1.65,91,short,5737357,5521973,5521973,5343122,5343122,5303456,bad,ЖК «Спортивный парк»,8,2022-06-15,ООО «АЛЬФА»,1-8,51.0,1,141
08ff3284-03ee-4e09-8d04-af7731a41dec,233,3191052,3231689,3197285,3185606,3191052,3144414,-46638,-1.46,33,short,3144414,3121995,3121995,3082196,3082196,3069960,bad,ЖК «Спортивный парк»,10,2022-09-15,ООО «АЛЬФА»,1-8,22.0,0,233
ee7201af-5f5a-472d-bdeb-19ea93543aa7,233,3741773,3801523,3759667,3745864,3741773,3685223,-56550,-1.51,33,short,3685223,3665901,3665901,3589753,3589753,3569785,bad,ЖК «Спортивный парк»,10,2022-09-15,ООО «АЛЬФА»,1-8,26.0,0,233
f6c383f2-d343-4a69-8e8d-12a94f7d1042,233,4142539,4231591,4171938,4156542,4142539,4079464,-63075,-1.52,33,short,4079464,4052733,4052733,3969743,3969743,3947470,bad,ЖК «Спортивный парк»,10,2022-09-15,ООО «АЛЬФА»,1-8,29.0,0,233
5f004b43-b97c-41f9-abc1-3dd15f071a64,233,4973563,5310167,5121125,5025246,4973563,4853659,-119904,-2.41,33,short,4853659,4751549,4751549,4596758,4596758,4582912,bad,ЖК «Спортивный парк»,10,2022-09-15,ООО «АЛЬФА»,1-8,41.0,1,233
fe6cf696-0537-41f4-8955-01f1b9cddabd,233,5225066,5584198,5391410,5286177,5225066,5094869,-130197,-2.49,33,short,5094869,4902397,4902397,4732504,4732504,4706298,bad,ЖК «Спортивный парк»,10,2022-09-15,ООО «АЛЬФА»,1-8,45.0,1,233
7d3b91ef-af08-4dfc-b3da-be1d74a519fd,313,4832542,5166082,5026365,4947493,4832542,4832542,0,0.0,13,short,4817004,4719383,4719383,4617179,4617179,4567755,bad,ЖК «Зеленодар»,4Б,2023-09-15,"ООО «Модо Капитал», ",2,39.0,1,313
ed6ec0af-d930-4d07-b42d-08a8fd021528,313,5016272,5286917,5206719,5101421,5016272,5016272,0,0.0,13,short,5000850,4869246,4869246,4759181,4759181,4705955,bad,ЖК «Зеленодар»,4Б,2023-09-15,"ООО «Модо Капитал», ",2,42.0,1,313
15c91f21-e1d0-4798-83b0-07fb966bfc75,313,6890721,7707613,7131439,6998132,6890721,7459701,568980,8.26,363,short,6993879,7315935,7315935,7459701,7459701,7375767,good,ЖК «Зеленодар»,4Б,2023-09-15,"ООО «Модо Капитал», ",2-8,70.0,2,313
8ce832fe-dd51-4a85-b0c5-ff8891fdb861,313,8786117,9824340,9186412,9010397,8786117,9616961,830844,9.46,413,long,8724370,9388647,9388647,9540851,9540851,9616961,good,ЖК «Зеленодар»,4Б,2023-09-15,"ООО «Модо Капитал», ",2-4,90.0,3,313
f9808372-39f2-4d1f-92ad-393eae9556ae,129,3653925,3778338,3735798,3721475,3676690,3653925,0,0.0,79,short,3678979,3653925,3653925,3602466,3602466,3556631,bad,ЖК «Зеленодар»,2,2023-03-15,"ООО «Модо Капитал», ",2-4,27.0,1,129
dc8ebb62-ebc2-4803-9f77-9bf2b45e1bcc,129,5827031,6045738,5715049,5628164,5539798,5894539,67508,1.16,179,short,5616385,5827031,5827031,5894539,5894539,5830737,riskey,ЖК «Зеленодар»,2,2023-03-15,"ООО «Модо Капитал», ",2-4,54.0,2,129
6530ea19-bc14-44ea-92bd-eb39028b2876,129,7029651,7540048,6984610,6857015,6770372,7113411,83760,1.19,179,short,6837078,7029651,7029651,7113411,7113411,7037062,riskey,ЖК «Зеленодар»,2,2023-03-15,"ООО «Модо Капитал», ",2-4,67.0,2,129
8be188a5-c030-48db-9f0b-2b52fed5576f,28,4051123,4257081,4275863,4225994,4227766,4051123,0,0.0,78,short,4176975,4149675,4149675,4051123,4051123,4048747,bad,ЖК «Смородина»,1,2023-03-15,ООО «АЛЬФА»,1-4,32.0,1,28
5f32742f-c6b7-40d4-89c9-803b0c05c81b,28,4446567,4688287,4709698,4654842,4656792,4446567,0,0.0,78,short,4600921,4570891,4570891,4446567,4446567,4430335,bad,ЖК «Смородина»,1,2023-03-15,ООО «АЛЬФА»,1-4,35.2,1,28
b12989e8-3631-4599-a9da-e884bc28311f,28,4051123,4257081,4275863,4225994,4227766,4051123,0,0.0,78,short,4176975,4149675,4149675,4051123,4051123,4048747,bad,ЖК «Смородина»,5,2023-03-15,ООО «АЛЬФА»,1-4,32.0,1,28
63c41d5e-e607-4368-a2d6-10a3039ff63e,28,4446567,4688287,4709698,4654842,4656792,4446567,0,0.0,78,short,4600921,4570891,4570891,4446567,4446567,4430335,bad,ЖК «Смородина»,5,2023-03-15,ООО «АЛЬФА»,1-4,35.2,1,28
7ea1acde-746b-468f-b266-e5dd6d66ca74,303,4227766,4257081,4275863,4225994,4227766,4227766,0,0.0,3,short,4176975,4149675,4149675,4051123,4051123,4048747,bad,ЖК «Смородина»,4,2023-12-15,ООО «АЛЬФА»,1,32.0,1,303
028809f2-829c-452e-8576-220ab4dbd33d,303,4656792,4688287,4709698,4654842,4656792,4656792,0,0.0,3,short,4600921,4570891,4570891,4446567,4446567,4430335,bad,ЖК «Смородина»,4,2023-12-15,ООО «АЛЬФА»,1,35.2,1,303
54f98e28-5f73-4267-930d-5fcb6de9a3db,303,5513751,5733590,5606903,5495606,5513751,5867835,354084,6.42,253,short,5608027,5867835,5867835,5759654,5759654,5704205,riskey,ЖК «Смородина»,4,2023-12-15,ООО «АЛЬФА»,1,50.0,2,303
2adb1558-a576-4823-b5b1-ae1d6e5d1189,303,4227766,4257081,4275863,4225994,4227766,4227766,0,0.0,3,short,4176975,4149675,4149675,4051123,4051123,4048747,bad,ЖК «Смородина»,2-3,2023-12-15,ООО «АЛЬФА»,1,32.0,1,303
677d6c49-4e87-44cb-b650-f21ee5eebb15,303,4656792,4688287,4709698,4654842,4656792,4656792,0,0.0,3,short,4600921,4570891,4570891,4446567,4446567,4430335,bad,ЖК «Смородина»,2-3,2023-12-15,ООО «АЛЬФА»,1,35.2,1,303
fe5cb067-79d2-4fc3-8913-04355bbc7f00,303,5513751,5733590,5606903,5495606,5513751,5867835,354084,6.42,253,short,5608027,5867835,5867835,5759654,5759654,5704205,riskey,ЖК «Смородина»,2-3,2023-12-15,ООО «АЛЬФА»,1,50.0,2,303
53f92188-4375-49ab-967b-3dddb7e1b79f,303,6205035,6580893,6325392,6198514,6205035,6661196,456161,7.35,253,short,6305257,6661196,6661196,6642929,6642929,6570468,good,ЖК «Смородина»,2-3,2023-12-15,ООО «АЛЬФА»,1-4,57.0,2,303
a16caaf3-9fd9-48df-9c32-18d4cab144a4,303,7292542,7901086,7444754,7273304,7292542,7638084,345542,4.74,253,short,7364605,7638084,7638084,7616291,7616291,7557441,riskey,ЖК «Смородина»,2-3,2023-12-15,ООО «АЛЬФА»,1-8,68.0,3,303
3feedb65-4613-44fc-99da-d6e62183ea2d,394,4716951,4792696,4814594,4758491,4760485,4760485,43534,0.92,94,short,4688636,4661930,4661930,4534781,4534781,4518180,riskey,ЖК «Смородина»,7,2024-03-15,ООО «АЛЬФА»,1,36.0,1,394
81661c36-8a78-43c9-882d-b9fab36e875a,394,5632323,5959228,5818755,5703006,5699363,6081655,449332,7.98,344,short,5797410,6081655,6081655,6007164,6007164,5937178,good,ЖК «Смородина»,7,2024-03-15,ООО «АЛЬФА»,1,52.0,2,394
17368236-5920-4cae-87d2-f067f31243c3,394,4716951,4792696,4814594,4758491,4760485,4760485,43534,0.92,94,short,4688636,4661930,4661930,4534781,4534781,4518180,riskey,ЖК «Смородина»,8,2024-03-15,ООО «АЛЬФА»,1,36.0,1,394
d9f23170-833c-47b0-ab39-1c04b0d7ce64,394,5632323,5959228,5818755,5703006,5699363,6081655,449332,7.98,344,short,5797410,6081655,6081655,6007164,6007164,5937178,good,ЖК «Смородина»,8,2024-03-15,ООО «АЛЬФА»,1,52.0,2,394
66e0bf28-35b7-4128-b168-71ac64e588f1,394,6145982,6580893,6325392,6198514,6205035,6661196,515214,8.38,344,short,6305257,6661196,6661196,6642929,6642929,6570468,good,ЖК «Смородина»,9,2024-03-15,ООО «АЛЬФА»,1-4,57.0,2,394
a2a378a2-fb9a-427a-a0aa-9e1fc0c0af1e,394,7277598,7901086,7444754,7273304,7292542,7638084,360486,4.95,344,short,7364605,7638084,7638084,7616291,7616291,7557441,riskey,ЖК «Смородина»,9,2024-03-15,ООО «АЛЬФА»,1-4,68.0,3,394
8b45a005-ad07-4f1b-be2e-ebdd1085caa0,394,6145982,6580893,6325392,6198514,6205035,6661196,515214,8.38,344,short,6305257,6661196,6661196,6642929,6642929,6570468,good,ЖК «Смородина»,10,2024-03-15,ООО «АЛЬФА»,1-4,57.0,2,394
7850698c-c2a4-401a-ada0-027652a7f487,394,7277598,7901086,7444754,7273304,7292542,7638084,360486,4.95,344,short,7364605,7638084,7638084,7616291,7616291,7557441,riskey,ЖК «Смородина»,10,2024-03-15,ООО «АЛЬФА»,1-4,68.0,3,394
4df31420-ff1e-430c-b88d-f3cd37520a76,394,4393024,4569305,4474556,4448810,4362715,4362715,-30309,-0.69,94,short,4212760,4103111,4103111,4002058,4002058,4009595,bad,ЖК «Небо»,1,2024-03-15,ООО «СЗ Ярославская»,1,30.0,0,394
a2b142dc-476e-4d84-b485-55c7fb967ebb,394,5234843,5522825,5421834,5345470,5252506,5252506,17663,0.34,94,short,5066877,4924873,4924873,4765438,4765438,4773947,riskey,ЖК «Небо»,1,2024-03-15,ООО «СЗ Ярославская»,1,40.0,1,394
ee51fbcf-5f85-41c2-bf37-925fa304fdad,394,5665272,6462521,5943742,5814467,5675431,6341974,676702,11.94,444,long,5758982,6338766,6338766,6341974,6341974,6326359,good,ЖК «Небо»,1,2024-03-15,ООО «СЗ Ярославская»,1,55.0,2,394
10d087c1-ad16-4185-99ef-c78adad5abcb,394,6413036,7307997,6732011,6583932,6424672,7188168,775132,12.09,444,long,6520376,7184493,7184493,7188168,7188168,7172925,good,ЖК «Небо»,1,2024-03-15,ООО «СЗ Ярославская»,1,63.0,2,394
b8e75f4b-ffc5-47c6-b4ce-efc1c88a7f7e,394,8124204,9430608,8575164,8305013,8034246,9464355,1340151,16.5,494,long,8021376,9246472,9246472,9314745,9314745,9464355,good,ЖК «Небо»,1,2024-03-15,ООО «СЗ Ярославская»,1,83.0,3,394
391e0f90-2d8a-441f-9fee-7d4cc1a46c22,394,4393024,4569305,4474556,4448810,4362715,4362715,-30309,-0.69,94,short,4212760,4103111,4103111,4002058,4002058,4009595,bad,ЖК «Небо»,2,2024-03-15,ООО «СЗ Ярославская»,1,30.0,0,394
3db5c572-9daa-4721-91f6-26ee581607f4,394,5234843,5522825,5421834,5345470,5252506,5252506,17663,0.34,94,short,5066877,4924873,4924873,4765438,4765438,4773947,riskey,ЖК «Небо»,2,2024-03-15,ООО «СЗ Ярославская»,1,40.0,1,394
312f6a78-c0dc-4e96-9f4a-a79277fd178c,394,5665272,6462521,5943742,5814467,5675431,6341974,676702,11.94,444,long,5758982,6338766,6338766,6341974,6341974,6326359,good,ЖК «Небо»,2,2024-03-15,ООО «СЗ Ярославская»,1,55.0,2,394
aaef35a9-c180-4dcd-9dad-f03e3ddc3b1d,394,6413036,7307997,6732011,6583932,6424672,7188168,775132,12.09,444,long,6520376,7184493,7184493,7188168,7188168,7172925,good,ЖК «Небо»,2,2024-03-15,ООО «СЗ Ярославская»,1,63.0,2,394
a84a3428-a053-42fb-9530-1efe42b328dc,394,8124204,9430608,8575164,8305013,8034246,9464355,1340151,16.5,494,long,8021376,9246472,9246472,9314745,9314745,9464355,good,ЖК «Небо»,2,2024-03-15,ООО «СЗ Ярославская»,1,83.0,3,394
f2331df9-806c-4836-8ade-456d909ff78b,578,4448810,4569305,4474556,4448810,4362715,4448810,0,0.0,78,short,4212760,4103111,4103111,4002058,4002058,4009595,bad,ЖК «Небо»,3,2024-09-15,ООО «СЗ Ярославская»,1,30.0,0,578
7c3f6830-042b-4018-bef1-0e042f7134f8,578,5345470,5522825,5421834,5345470,5252506,5345470,0,0.0,78,short,5066877,4924873,4924873,4765438,4765438,4773947,bad,ЖК «Небо»,3,2024-09-15,ООО «СЗ Ярославская»,1,40.0,1,578
c78bca62-df96-4272-81ad-c30bfacf4ea1,578,5814467,6462521,5943742,5814467,5675431,6341974,527507,9.07,628,long,5758982,6338766,6338766,6341974,6341974,6326359,good,ЖК «Небо»,3,2024-09-15,ООО «СЗ Ярославская»,1,55.0,2,578
711ef05c-97b9-4086-b02c-d38400c18c34,578,6583932,7307997,6732011,6583932,6424672,7188168,604236,9.18,628,long,6520376,7184493,7184493,7188168,7188168,7172925,good,ЖК «Небо»,3,2024-09-15,ООО «СЗ Ярославская»,1,63.0,2,578
c0a26a50-7cae-4600-961a-066004286faa,578,8305013,9430608,8575164,8305013,8034246,9464355,1159342,13.96,678,long,8021376,9246472,9246472,9314745,9314745,9464355,good,ЖК «Небо»,3,2024-09-15,ООО «СЗ Ярославская»,1,83.0,3,578
4799ae8a-1487-4bb4-a9b1-8d4d05b6bcd6,578,4448810,4569305,4474556,4448810,4362715,4448810,0,0.0,78,short,4212760,4103111,4103111,4002058,4002058,4009595,bad,ЖК «Небо»,4,2024-09-15,ООО «СЗ Ярославская»,1,30.0,0,578
b28f27b9-1a60-42ba-9c97-09c781d9966f,578,5345470,5522825,5421834,5345470,5252506,5345470,0,0.0,78,short,5066877,4924873,4924873,4765438,4765438,4773947,bad,ЖК «Небо»,4,2024-09-15,ООО «СЗ Ярославская»,1,40.0,1,578
12b35773-5910-4584-9235-08a6ed2f446f,578,5814467,6462521,5943742,5814467,5675431,6341974,527507,9.07,628,long,5758982,6338766,6338766,6341974,6341974,6326359,good,ЖК «Небо»,4,2024-09-15,ООО «СЗ Ярославская»,1,55.0,2,578
db3f08b6-c144-4712-9d7e-29d23ad3a780,578,6583932,7307997,6732011,6583932,6424672,7188168,604236,9.18,628,long,6520376,7184493,7184493,7188168,7188168,7172925,good,ЖК «Небо»,4,2024-09-15,ООО «СЗ Ярославская»,1,63.0,2,578
33caef86-96e0-4c67-b614-c76c31594a78,578,8305013,9430608,8575164,8305013,8034246,9464355,1159342,13.96,678,long,8021376,9246472,9246472,9314745,9314745,9464355,good,ЖК «Небо»,4,2024-09-15,ООО «СЗ Ярославская»,1,83.0,3,578
7318f6d8-f4e3-4eef-8c17-b8a7d241bd25,394,4378840,4646720,4521333,4450550,4347389,4347745,-31095,-0.71,194,short,4347745,4273618,4273618,4181897,4181897,4144814,bad,ЖК «Зеленодар»,5A,2024-03-15,"ООО «Модо Капитал», ",2,35.0,1,394
7e026b84-8290-4c17-a8dc-31b00c9d6304,394,5042785,5286917,5206719,5101421,5016272,5016272,-26513,-0.53,94,short,5000850,4869246,4869246,4759181,4759181,4705955,bad,ЖК «Зеленодар»,5A,2024-03-15,"ООО «Модо Капитал», ",2,42.0,1,394
59c719c7-947e-45b5-8335-0d4d3628ad03,394,5956569,6219887,6155632,6027770,5928661,5928661,-27908,-0.47,94,short,5917065,5668892,5668892,5525510,5525510,5441056,bad,ЖК «Зеленодар»,5A,2024-03-15,"ООО «Модо Капитал», ",2,51.0,1,394
50698e18-a2b9-408f-8f88-6236ca7c1b57,394,4102551,4376058,4198984,4158512,4087511,4309719,207168,5.05,344,short,4136992,4309719,4309719,4295240,4295240,4257097,riskey,ЖК «Зеленодар»,5A,2024-03-15,"ООО «Модо Капитал», ",2,36.0,2,394
86b92121-015d-42b0-b49c-33764c4ea569,394,4695716,4943241,4803675,4734489,4689247,4928901,233185,4.97,344,short,4749692,4928901,4928901,4911606,4911606,4857113,riskey,ЖК «Зеленодар»,5A,2024-03-15,"ООО «Модо Капитал», ",2,43.0,2,394
70b5fe26-a06b-4845-8314-1c0c297f5f7d,394,4928010,5167275,5046013,4970390,4924136,5099685,171675,3.48,344,short,4996776,5099685,5099685,5080782,5080782,5004545,riskey,ЖК «Зеленодар»,5A,2024-03-15,"ООО «Модо Капитал», ",2,47.0,2,394
8313000b-d1ec-4686-ab4e-137182f71a35,394,5563740,6045738,5715049,5628164,5539798,5894539,330799,5.95,444,long,5616385,5827031,5827031,5894539,5894539,5830737,riskey,ЖК «Зеленодар»,5A,2024-03-15,"ООО «Модо Капитал», ",2,54.0,2,394
80590127-a5f7-4123-be3c-55d5dae55831,394,6395918,6947980,6572445,6471079,6367985,6781850,385932,6.03,444,long,6457337,6703091,6703091,6781850,6781850,6710059,riskey,ЖК «Зеленодар»,5A,2024-03-15,"ООО «Модо Капитал», ",2,63.0,2,394
ef3c5e08-f361-4208-a0b4-b29866d4d234,394,7963465,8717417,8190185,8004812,7855666,8606486,643021,8.07,494,long,7830257,8420725,8420725,8538833,8538833,8606486,good,ЖК «Зеленодар»,5A,2024-03-15,"ООО «Модо Капитал», ",2,80.0,3,394
1031dbeb-8170-4cf2-a2be-cca57ae994f4,303,4025448,3639997,3867897,3880243,4025448,4025448,0,0.0,3,short,4010461,4010739,4010739,3983696,3983696,3938134,bad,ЖК «Novella»,2,2023-12-15,ООО «Специализированный застройщик АСК 6»,1-2,26.0,1,303
e250ccb4-6723-4111-99c9-e109ae201cc5,303,5614094,5003328,5393398,5406918,5614094,5680965,66871,1.19,253,short,5644434,5680965,5680965,5659870,5659870,5583655,riskey,ЖК «Novella»,2,2023-12-15,ООО «Специализированный застройщик АСК 6»,1-2,39.0,1,303
d32364fc-a378-4a62-9a69-cb50dbd25419,303,6840558,6331378,6643310,6610367,6840558,7354959,514401,7.52,353,short,7004299,7352819,7352819,7354959,7354959,7212094,good,ЖК «Novella»,2,2023-12-15,ООО «Специализированный застройщик АСК 6»,1-2,58.0,2,303
c1953319-2da2-4895-a955-113fc77e4d8d,303,8842305,8381577,8647956,8544588,8842305,9633627,791322,8.95,403,long,9058602,9604031,9604031,9625342,9625342,9633627,good,ЖК «Novella»,2,2023-12-15,ООО «Специализированный застройщик АСК 6»,1-2,81.0,3,303
730f89e1-ac67-4ff8-85ce-a2f37ae253ac,303,4155773,3791121,4000434,4012780,4155773,4155773,0,0.0,3,short,4147709,4133994,4133994,4116992,4116992,4071429,bad,ЖК «Novella»,3,2023-12-15,ООО «Специализированный застройщик АСК 6»,1-2,26.0,0,303
be78319e-d093-48ae-963b-2d18e4b3467c,303,5470143,4875038,5255106,5268279,5470143,5535300,65157,1.19,253,short,5499705,5535300,5535300,5514746,5514746,5440485,riskey,ЖК «Novella»,3,2023-12-15,ООО «Специализированный застройщик АСК 6»,1-2,38.0,1,303
d801df55-687b-41f7-91fb-46479e405d2e,303,6840558,6331378,6643310,6610367,6840558,7354959,514401,7.52,353,short,7004299,7352819,7352819,7354959,7354959,7212094,good,ЖК «Novella»,3,2023-12-15,ООО «Специализированный застройщик АСК 6»,1-2,58.0,2,303
fbe02dd1-347b-44da-8a55-09b80cc5f871,303,8951469,8485053,8754721,8650077,8951469,9752560,801091,8.95,403,long,9170437,9722599,9722599,9744173,9744173,9752560,good,ЖК «Novella»,3,2023-12-15,ООО «Специализированный застройщик АСК 6»,1-2,82.0,3,303
bc76f51f-cc0c-4a43-b91d-238248e3a56f,303,5999955,5320070,5765744,5769674,5999955,6093438,93483,1.56,253,short,6043376,6093438,6093438,6070180,6070180,5986148,riskey,ЖК «Novella»,4,2023-12-15,ООО «Специализированный застройщик АСК 6»,1-2,43.0,1,303
2253787f-a8c2-47ac-badb-354ec7f5385f,303,5470143,4875038,5255106,5268279,5470143,5535300,65157,1.19,253,short,5499705,5535300,5535300,5514746,5514746,5440485,riskey,ЖК «Novella»,5,2023-12-15,ООО «Специализированный застройщик АСК 6»,1-2,38.0,1,303
290c406f-bbbc-455c-b1b8-5d2747a945ae,303,5704091,5064950,5483592,5495387,5704091,5760170,56079,0.98,253,short,5735209,5760170,5760170,5738534,5738534,5660365,riskey,ЖК «Novella»,5,2023-12-15,ООО «Специализированный застройщик АСК 6»,1-2,40.0,1,303
ed6d5186-1902-4a50-9cb1-7b8864672105,303,7872584,7446480,7641526,7583679,7872584,8340762,468178,5.95,353,short,8018789,8338290,8338290,8340762,8340762,8175729,riskey,ЖК «Novella»,5,2023-12-15,ООО «Специализированный застройщик АСК 6»,1-2,67.0,2,303
6a1559dc-738b-41e6-a584-a3dea2114e0a,303,7313683,6759881,7102832,7067617,7313683,7863560,549877,7.52,353,short,7488717,7861272,7861272,7863560,7863560,7710842,good,ЖК «Novella»,6,2023-12-15,ООО «Специализированный застройщик АСК 6»,1-2,62.0,2,303
ce9fbbb7-4257-40fd-a6a2-66097cf89acb,303,7872584,7446480,7641526,7583679,7872584,8340762,468178,5.95,353,short,8018789,8338290,8338290,8340762,8340762,8175729,riskey,ЖК «Novella»,6,2023-12-15,ООО «Специализированный застройщик АСК 6»,1-2,67.0,2,303
a755104b-095d-4e79-8431-c2fb0fe96e50,303,8496081,8028707,8290982,8192718,8496081,9273221,777140,9.15,403,long,8701697,9230146,9230146,9250405,9250405,9273221,good,ЖК «Novella»,6,2023-12-15,ООО «Специализированный застройщик АСК 6»,1-2,77.0,3,303
